44,45,46,47,49,50,51,52,53,54,55,56,57,58,class
0.009234592,-0.00503947,-0.010901221000000001,-0.011112865,-0.012656811,-0.008262506999999999,-0.00105948,0.006600111999999999,0.014491648000000001,0.02263312,0.029906585,0.035255106,0.038828108,0.041013399,High-grade
0.058301465999999996,0.052470588,0.044635939000000006,0.038812013,0.031327195,0.029738216,0.029778042,0.031626354,0.034681263,0.038481207,0.041421748,0.04197936099999999,0.040665039,0.038189642,High-grade
0.037349877000000004,0.038388344,0.038376224,0.037082157000000004,0.031164762999999998,0.027428555,0.024327377999999997,0.022960117999999998,0.023200266,0.024616627000000002,0.026905405,0.029683408999999997,0.03284243,0.036353627,High-grade
0.04206677,0.042728460999999995,0.043539395999999994,0.044145095,0.0437264,0.042964972000000004,0.042016482,0.041044383999999996,0.040001204,0.038802029,0.037506009,0.036095036000000004,0.034710443,0.033477375,High-grade
0.038426615,0.030893128,0.028235282,0.030834597999999998,0.04732591,0.059379738,0.06903389900000001,0.071380178,0.06840289299999999,0.063301382,0.058752112,0.057698929,0.059072537,0.060811434000000004,High-grade
0.024563181,0.027495187999999997,0.030646007000000003,0.033508632000000003,0.037022165,0.037962807,0.038655302999999995,0.039409398,0.040138241,0.040645389,0.040970904,0.041127227999999995,0.04112059,0.04103637,High-grade
0.015221984,0.012188326000000001,0.009665025,0.007807412,0.006452139,0.00657113,0.007103147,0.007974982,0.008890476,0.009611821999999999,0.009749853000000001,0.008915177,0.007333046,0.005410076,High-grade
0.024811369,0.025660367000000003,0.027115212000000003,0.028692447000000003,0.030878321,0.031650733,0.032426927,0.033447146000000004,0.03460042,0.035691018,0.036665988999999996,0.037461572,0.03808349,0.03859162,High-grade
0.021052972000000003,0.01353535,0.018628005,0.025684323999999998,0.028137367000000003,0.028104692999999997,0.028433415,0.029609981,0.031520099999999995,0.033634432,0.035845719,0.038056321000000004,0.040157064,0.04205066,High-grade
-0.00402287,0.007515902,0.019229935,0.026181542999999998,0.026584617999999997,0.024166904,0.019180601999999998,0.016933946999999998,0.016455325,0.017153448999999998,0.018315400000000003,0.01877714,0.018846021,0.019202828999999998,High-grade
-0.028339374,-0.025041737999999997,-0.020819864,-0.017653898,-0.018788732,-0.020450141,-0.019780616,-0.014173914,-0.005438109,0.0039269,0.011197535,0.013493446000000001,0.011888613999999999,0.008396876,High-grade
-0.028377008999999998,-0.020220959,-0.011169739,-0.002333339,0.011573169,0.016846128999999998,0.021408096,0.025749716000000002,0.029655774,0.032749751,0.034928859,0.036087849,0.036278646,0.035626733,High-grade
-0.025882845,-0.020265968999999998,-0.014134417,-0.008247078,0.000445956,0.004050521,0.007660482,0.009653778,0.010316254,0.017498948,0.029754107999999998,0.016428143,0.044464721,0.048709699999999995,High-grade
0.005656116,0.009956174,0.01462529,0.01908458,0.025782976000000003,0.02819509,0.030275599,0.032364523,0.034299933,0.035818458,0.03686538,0.037354242,0.037362715,0.037080382,High-grade
0.0046099190000000005,0.00010386,-0.002403444,-0.002498016,-0.000760756,0.009992973,0.009945879,0.017597537,0.024218127000000002,0.030294046,0.035198617,0.038983756,0.041578216,0.042950047000000005,High-grade
-0.015289882,-0.016794005,-0.016566735,-0.014448682,-0.00450979,0.002444721,0.010132027,0.018065183999999998,0.02609844,0.034191697,0.041979219000000005,0.049172981,0.055523857999999995,0.060618541,High-grade
-0.0031441679999999997,-0.008260139,-0.010435205,-0.007583431999999999,-0.010422836999999999,0.027923906000000002,0.011441063999999999,0.028336824,0.038925437,0.047129073,0.051692918,0.05452691,0.05558116,0.054489410999999995,High-grade
0.013891938000000001,0.007549541,0.0018468520000000002,-0.001148529,0.0055658190000000005,0.012089652,0.017908135,0.020138396,0.019354015,0.019803081,0.022558045,0.017908676000000002,0.008585116,0.038006156,High-grade
0.005989558000000001,-0.002643458,-0.009565187,-0.013484318,-0.009421665,-0.003252008,0.004368169,0.01199962,0.019322091,0.02670206,0.032356532,0.034237663,0.033093669,0.030275053,High-grade
0.05058163,0.045906532,0.040477502,0.035851685,0.031331631,0.030665188,0.03005234,0.028542651000000002,0.026907785,0.026195367999999997,0.027050966,0.030191895,0.035101352999999995,0.040709372,High-grade
0.027672771000000002,0.029549017,0.032113227,0.036090456,0.048464829,0.054584138,0.057704793,0.055321563,0.049135414,0.041424316,0.035033392999999996,0.03299374,0.034184173,0.03655695,High-grade
-0.01510282,-0.004241336,0.00812756,0.018909726,0.027508257,0.028578402000000003,0.030008136,0.033935002,0.039510611,0.045073775,0.05018468,0.054180337,0.057217435999999997,0.060123834,High-grade
0.009895249,0.019243661999999998,0.022857099,0.035627795,0.047720060999999994,0.051915922999999996,0.053107879000000004,0.049575151,0.04300679599999999,0.035431701,0.029517447000000002,0.02808863,0.030233984,0.034147862,High-grade
0.010907645,0.002987964,-0.012012196000000001,-0.025284365,-0.014143208,-0.002294281,0.011533975,0.027915659,0.04442111,0.059135809000000004,0.070353217,0.076135221,0.077199077,0.075534709,High-grade
0.034987943,0.034190753,0.034056461,0.033603326,0.029002262999999997,0.026254978999999998,0.024099759,0.023040516,0.023306764,0.025020299,0.027687472,0.030946866,0.035044729,0.039874232999999995,High-grade
0.003534567,-0.011864,-0.012058105,-0.004401726,0.008303656999999999,0.018231791,0.031883046,0.049512869,0.068921802,0.08762821900000001,0.10190606599999999,0.108341181,0.108256101,0.103604026,High-grade
0.026335517000000003,0.020934718999999997,0.016457153999999998,0.013463268,0.013255113,0.01520686,0.018028818999999998,0.021249262,0.024693494,0.028364635,0.031649733,0.034063618999999996,0.035689497,0.036561628,High-grade
0.035922481,0.033542678,0.032132075,0.031202177999999997,0.029761142999999997,0.029758577999999997,0.030467991,0.03198362,0.034746268999999996,0.039208252,0.045470378,0.053492719,0.06308324,0.074163618,High-grade
0.013719298000000001,0.019355462,0.027423127000000002,0.033926066,0.030316621000000002,0.025512133,0.020451581,0.017040395,0.015589636,0.012869849,0.013618232,0.026893121000000002,0.04341165,0.048181826,High-grade
0.0052320959999999994,0.012200218999999998,0.021901096000000002,0.030789347,0.035845348,0.035528177,0.035745177,0.038352275,0.042521613,0.046684668,0.04987381,0.051125788,0.050712704000000004,0.049282105,High-grade
0.037292484,0.031291228,0.031489067999999995,0.033984262,0.031011805,0.029992205,0.031219467,0.03507865,0.040282204,0.045938612000000004,0.047348308,0.040144429,0.027809721000000003,0.014412753,High-grade
0.04688346400000001,0.054164225999999996,0.050169038,0.042896490999999995,0.050403446,0.053573830999999995,0.055444678,0.057983869,0.060240579,0.06119456400000001,0.060528407,0.058977527,0.056631317,0.049607382,High-grade
0.033778365,0.017006403,0.0030450940000000004,-0.004794680999999999,0.0054491140000000006,0.018383132,0.032676877,0.04496268,0.054829012,0.063058549,0.068519306,0.070098813,0.06821915099999999,0.063688681,High-grade
0.056177878,0.057529644000000005,0.059607732999999996,0.062111045999999996,0.060658348,0.06502029,0.066703938,0.048265142000000004,0.028410247000000003,0.036370303,0.056151467000000004,0.06212768900000001,0.06315630700000001,0.07264077099999999,High-grade
0.063345435,0.058716302000000005,0.053846331,0.050802797000000004,0.054885276,0.059087389000000004,0.061567384,0.059670411,0.055145068,0.050414737,0.048090956,0.050941127,0.057670603,0.06598583599999999,High-grade
0.0023118839999999997,0.000598805,0.0046898370000000005,0.012732712,0.031279007000000005,0.041704677,0.04993216599999999,0.052974215,0.052388301,0.049970033,0.04920001400000001,0.053773767,0.061807953,0.070485096,High-grade
0.047615379000000006,0.043181774000000006,0.040530218,0.039108903,0.03798209,0.038939333,0.041160151,0.044757288,0.049107509,0.053396337,0.05722556400000001,0.060102589000000005,0.061901925999999996,0.062870027,High-grade
0.032036207000000004,0.024384813999999998,0.01793843,0.015394338,0.027620017,0.037713422,0.04620093,0.049550479,0.048888009,0.046354335999999996,0.043813659000000005,0.043356751,0.044209809,0.04495058,High-grade
0.026514971000000002,0.027169564,0.02893204,0.031287779,0.036060718,0.038575427,0.041281176,0.044228332,0.047079490999999994,0.049455331,0.050890975,0.050975969,0.049856097,0.047809157000000005,High-grade
0.016205082,0.0029459290000000003,-0.00905732,-0.017805537,-0.002106539,-0.004523383,-0.020502876,0.049049735,-0.016783729,-0.0015084789999999999,0.0063107,0.021047954,0.039097138999999996,0.061872914,High-grade
0.018180163,0.018887558,0.022036423,0.027045265,0.040137128,0.048692225,0.057500773,0.066600413,0.075187054,0.078909744,0.082026976,0.095194545,0.107683994,0.09937204699999999,High-grade
0.030182012999999997,0.021785963,0.020595922,0.023857921,0.030696367999999998,0.038153932,0.047655538,0.057342230999999994,0.066785515,0.075751097,0.083250285,0.088325187,0.091125246,0.09216060300000001,High-grade
0.034989132,0.033786201,0.033041314,0.032508366000000004,0.031282474,0.030951521,0.030870518,0.031121298,0.031509871,0.031752508,0.032259379,0.03320228,0.034591116,0.036551796,High-grade
0.009677202,0.015095013999999999,0.024932463999999998,0.034082827,0.033302532999999995,0.029854631,0.026652545,0.024726665,0.024373638,0.025189097,0.027377169,0.031123435,0.036141607,0.041989382,High-grade
0.05959590000000001,0.057319807,0.056788072,0.05673287,0.058418239000000004,0.055518542000000004,0.054807916,0.068687204,0.084361974,0.080826874,0.069339471,0.070514278,0.07545532,0.069808488,High-grade
0.037262622999999995,0.024400083,0.013786183999999998,0.007456476,0.01317713,0.022129704,0.034113366,0.048317652,0.06320175,0.077891253,0.08932009099999999,0.094507751,0.09514210699999999,0.093589752,High-grade
0.049707065,0.046209704000000004,0.042812145,0.040785131,0.04295555,0.045175863,0.045588598,0.041973417,0.035759813,0.028935673999999998,0.023902305,0.023107062999999997,0.02571487,0.030267167,High-grade
0.021655382,0.020658547,0.021062791,0.022319442999999998,0.026367047999999997,0.028411162,0.031785046000000004,0.037653687000000005,0.044695085999999995,0.051926257,0.055516086,0.051919324,0.04391599,0.034700465,High-grade
0.052511410999999994,0.011207326,-0.005841169,-0.01139426,-0.009172666,0.004136468,0.021242211,0.03457506,0.044624646,0.05439171,0.059343342,0.055670379000000006,0.047061425999999996,0.036808343,High-grade
0.041151446,0.041313563,0.042357712,0.044505005,0.053020872000000004,0.056638691,0.060381477,0.064818273,0.068872477,0.07249732099999999,0.070929014,0.059914713,0.043853048,0.027252045,High-grade
0.014622015,0.014074315,0.014668467,0.016921669,0.027241907000000003,0.034330209,0.041156096,0.047128780999999995,0.052056925,0.053806162000000005,0.055414302,0.064266651,0.074066937,0.070247332,High-grade
-0.001437924,0.0030110859999999996,0.01220807,0.022167855,0.032489814,0.036686244,0.042866783,0.052964035,0.065539347,0.078322143,0.08959991699999999,0.09760628199999999,0.102694837,0.105825987,High-grade
0.033201275,0.034242042,0.035820263,0.04042881,0.063242838,0.07566565900000001,0.083712257,0.08331633,0.076587414,0.067047106,0.057570758,0.051370713,0.04817806400000001,0.046553309,High-grade
0.019193971,0.012956918000000001,0.007943395,0.007497157,0.026902598,0.040577626,0.050983482999999996,0.053214457,0.049365547999999995,0.042910005999999994,0.037172734,0.035814335,0.03749924,0.03967008,High-grade
0.055226687999999996,0.058327628,0.062608067,0.065808772,0.062538284,0.058713235999999995,0.055195962,0.053354359000000004,0.052727918,0.052314013,0.051762297,0.050641528,0.049086732,0.047531792999999996,High-grade
-0.012184654,-0.015607882,0.009034578,0.042240779000000006,0.055769525,0.059995394,0.061767085,0.05468417,0.042623644,0.029094789,0.019396356,0.019079356000000002,0.025763051000000002,0.035598362,High-grade
0.038360867,0.043116357,0.048366587999999995,0.052541502000000004,0.053860939000000004,0.05190489400000001,0.050140820999999995,0.050233692,0.051279390999999994,0.0523498,0.050933844000000006,0.044631387,0.035561705,0.026185655,High-grade
-0.066163472,-0.044345268,-0.01335826,0.016717273,0.045850753,0.051079752,0.05943903,0.078416447,0.102136023,0.124259077,0.131517844,0.111323781,0.073712654,0.031220155,High-grade
0.009361744,-0.00702927,-0.023721039,-0.03305472,-0.00260912,0.024245645,0.052151632,0.076425996,0.09526025,0.10893664900000001,0.11501714699999999,0.111720635,0.10118749199999999,0.082562497,High-grade
-0.058612395,-0.043615872,-0.026480719,-0.011334728999999998,0.0014110529999999998,0.002388305,0.002327351,0.00344285,0.005877284,0.008886163,0.012402146000000001,0.016753955,0.02140727,0.024928613999999998,High-grade
-0.023951526,-0.018924542,-0.010762366,0.002655288,0.009699596999999999,0.062627378,0.035684547999999996,0.049244462999999995,0.050702801,0.048062312,0.040915535,0.033654808,0.027162244,0.020683237,High-grade
0.006567516999999999,0.011278537,0.015517617,0.018749935,0.051869362,0.02872517,0.065367416,0.06290625400000001,0.064325658,0.065542138,0.0674483,0.067613756,0.066285138,0.064224481,High-grade
0.0056581290000000005,0.012296372,0.01952404,0.025748093,0.030945302,0.030792285,0.029718826,0.028680614,0.027560595,0.02592985,0.023947101000000002,0.021727813999999998,0.019297191,0.016773519,High-grade
0.035465761,0.039232967,0.04372168,0.04727009099999999,0.047835855,0.046809830999999996,0.047312658,0.051420873,0.057600235,0.063769702,0.067674025,0.066946742,0.062496126,0.056031238,High-grade
0.018015438,0.011195653,0.004202813,0.005827278000000001,0.051715195,0.08066028,0.097060215,0.087044888,0.059095397,0.025378411,-0.001094867,-0.006351051,0.004343171,0.020978142999999998,High-grade
0.03844859,0.031501946,0.025845938,0.024127394,0.037658764,0.048014837000000005,0.056029021,0.057751533,0.054838893,0.050032417999999995,0.045926015,0.04539376,0.047271697,0.04938644,High-grade
0.011612619,0.017529345,0.023091982999999996,0.028968602000000003,0.041935129,0.046642903,0.047166278,0.041087964,0.030567995,0.018338145,0.008006896,0.003353315,0.00309211,0.00484033,High-grade
-0.023771905,-0.012611836999999999,-0.029434894,-0.032464024,0.010803897,0.040994487,0.062722091,0.065435904,0.054054802,0.036728453,0.022098131,0.019330715,0.025114052,0.033404807,High-grade
0.07458659200000001,0.068725669,0.059773942000000004,0.053111057999999996,0.056432952,0.061803465999999994,0.064107998,0.058898188,0.049038041,0.038156657000000004,0.032112773,0.036697642,0.048324004000000004,0.062071672,High-grade
0.101198649,0.08774494699999999,0.08122328599999999,0.073497742,0.014625273999999999,0.031465047999999995,0.061975077999999996,0.058976025999999994,0.039739319,0.031478956,0.029579095,0.027500962,0.02687694,0.028388335,High-grade
0.09347610199999999,0.07812759400000001,0.062541735,0.04872337,0.040336273,0.040994211,0.048354262,0.084683565,0.11423985199999999,0.08017435099999999,0.024727073999999998,0.01497033,0.028047303,0.025239277,High-grade
0.038666818,0.03690164,0.035194701,0.035004337,0.039488904,0.046835478,0.053572166,0.046784334000000004,0.036510804,0.048990515,0.070524301,0.045656358,0.063195743,0.05474388,High-grade
0.097331384,0.09491025199999999,0.090795125,0.085722545,0.076132061,0.06949129799999999,0.063573247,0.05811227099999999,0.054009752,0.059607434,0.064464204,0.045732790999999995,0.026414768999999998,0.046107130999999996,High-grade
0.022235948,0.025340822000000002,0.033698657,0.040402184,0.020831497,0.031031267,0.048111220999999996,0.049928296,0.044821487,0.047188202,0.054061742,0.054936520999999995,0.065837887,0.072502512,High-grade
0.034612061,0.011551991999999999,0.023996522000000003,0.048341876,0.033775805,0.029345457000000002,0.025611111000000002,0.012952397,-0.003165948,-0.017576651000000002,-0.024164482,-0.016673326000000002,0.000790635,0.022177156,High-grade
0.028835974,0.020293343000000002,0.011500089,0.005423579,0.062089048,0.026978615,0.094353214,0.095720841,0.102098009,0.111060671,0.110743268,0.07936602200000001,0.035903887999999995,0.007142294,High-grade
0.03523926,0.03272264,0.03042613,0.028461256,0.025789569,0.025122925,0.024788926,0.024641134,0.024856682,0.025625497999999997,0.027086059,0.029394364,0.032345085,0.035565763,High-grade
0.031064845,0.024516266000000002,0.023107725,0.025917381,0.039434022,0.047750577999999995,0.056219644000000006,0.064176863,0.07041941,0.074870782,0.074275748,0.065505102,0.052333499000000006,0.039215006000000004,High-grade
0.038122312,0.039228448,0.04069913,0.042601703,0.048094082,0.051403672000000004,0.055329332,0.060179477,0.064931461,0.068478918,0.070159992,0.06910301,0.06589941,0.061966389000000004,High-grade
0.067503874,0.059474637000000004,0.051228712,0.043147882,0.028061516,0.022303892999999998,0.016936988,0.010388584000000001,0.0031639309999999996,-0.000658255,0.002764671,-0.001151743,0.012309073,0.038098912,High-grade
0.040013687,0.042125467,0.04371697099999999,0.04409201099999999,0.039392921000000004,0.035600075,0.031335068,0.026913459,0.023106692999999998,0.020497385,0.020055128999999998,0.022669178999999998,0.02769113,0.034608177000000004,High-grade
0.05186959,0.047476085999999994,0.043644138,0.040422223,0.035798548,0.034792977,0.034621738,0.03519376,0.03630475,0.037688842,0.039642276000000004,0.042216932,0.045326967999999995,0.049130611,High-grade
0.05500794,0.05245216900000001,0.049404221,0.045859907000000005,0.036816121,0.032397092999999995,0.028156248999999998,0.023946513,0.020543399,0.018624819,0.019070144,0.022785002999999998,0.029120471000000002,0.036895321,High-grade
0.049877801,0.05290315,0.055127863,0.057852507000000004,0.068366701,0.073913808,0.078268343,0.080359906,0.080813824,0.080698516,0.080115987,0.079493103,0.078631517,0.076722048,High-grade
0.033605063,0.026294161,0.020707461,0.017890273,0.022992852,0.029072917,0.036504417000000004,0.044477435999999995,0.052135732000000004,0.058929604000000003,0.06367309,0.065227233,0.064008169,0.060850392,High-grade
0.043162915999999996,0.042687535,0.043005775999999996,0.043193414000000006,0.041885764,0.039765492,0.039655015,0.044023789,0.050754928,0.058878805,0.06184252,0.04971546,0.027089763,0.014936563,High-grade
0.021480226,0.023785407,0.027097279,0.032638173,0.051921602000000004,0.061729254000000004,0.068497133,0.069544023,0.066131615,0.060721055999999995,0.054136189,0.04761981,0.04222429900000001,0.038244481000000004,High-grade
0.018354399,0.019067373999999998,0.021302900000000003,0.025310321,0.039144911,0.045762079000000004,0.052485727,0.059589632000000003,0.06587675900000001,0.071389941,0.07072668900000001,0.059162834000000004,0.041667456,0.023401147999999997,High-grade
0.05539681900000001,0.062770579,0.068033296,0.07194934,0.08489915599999999,0.07044900400000001,0.05101025,0.046828225,0.050807982,0.051383947,0.049986826,0.048666849000000005,0.047132477,0.045763894000000006,High-grade
0.04657573,0.048987597,0.050948798,0.049113239,0.027089896000000002,0.013012955,0.002543604,0.000272488,0.004555478,0.012459551000000001,0.020861661,0.026363951,0.030055031,0.033714769,High-grade
0.06767321400000001,0.075338568,0.083041796,0.08650900800000001,0.068604473,0.055278701,0.045952735,0.04614817,0.05405125,0.066247074,0.079031197,0.088376119,0.09544980300000001,0.10198378599999999,High-grade
0.058074299,0.067419038,0.076892753,0.07999648599999999,0.05232834,0.031553321,0.015106342,0.010431705,0.015069876999999999,0.024320441,0.034175299,0.040189337,0.0436292,0.046961987000000004,High-grade
0.047510856,0.040607487000000005,0.036438582000000004,0.036888481,0.049055945,0.059724532999999996,0.072968727,0.088397095,0.104272155,0.11904997099999999,0.130399304,0.13598808699999998,0.136686745,0.13424904099999999,High-grade
0.071412678,0.069829855,0.073375911,0.07698750900000001,0.065138739,0.077409308,0.09463372800000001,0.11219967300000001,0.10826522699999999,0.111709255,0.109061109,0.136475743,0.109888851,0.11304362400000001,High-grade
0.09032070099999999,0.071121931,0.056554571,0.048182603,0.052421525999999996,0.061004569,0.071308478,0.081199923,0.08977834300000001,0.097343939,0.10128201099999999,0.0992321,0.09297533599999999,0.084623432,High-grade
0.032162671000000004,0.031342127000000004,0.032000874,0.034413913,0.044895927,0.052154792,0.060164822,0.06837926700000001,0.07670867599999999,0.085168836,0.09330615199999999,0.100816945,0.107350584,0.11242429599999999,High-grade
0.067021265,0.06456456,0.061980665,0.065269303,0.100807651,0.121022215,0.129604797,0.12026985800000001,0.098673314,0.055621124,0.042516196,0.032636053,0.038431932,0.050076748,High-grade
0.042564999000000006,0.048571115,0.054196028,0.058280869000000006,0.058809608,0.05643977,0.052977268,0.048947149,0.045242700999999996,0.042543156,0.04161098,0.043373557,0.047292319000000006,0.052122407999999995,High-grade
0.040169352,0.037129437,0.036256618,0.03740741,0.044785982,0.05060599,0.057538226,0.065107807,0.073466505,0.082873116,0.092265221,0.101052209,0.108854279,0.11479143800000001,High-grade
0.068333808,0.070136193,0.073355419,0.078257916,0.09943319699999999,0.101219291,0.101457769,0.120543969,0.13616810599999998,0.11227260800000001,0.075431663,0.067563416,0.07516574200000001,0.074411881,High-grade
0.065850962,0.068899617,0.073471464,0.079169908,0.09088954199999999,0.09554828900000001,0.097425673,0.09508906199999999,0.089832342,0.08190804900000001,0.073700111,0.07154527,0.070423765,0.060197669,High-grade
0.057343257,0.046648033,0.036059243,0.030950641,0.0481911,0.064770836,0.076790558,0.081777901,0.080856043,0.078325277,0.078048468,0.08433127300000001,0.09518796800000001,0.107026646,High-grade
0.066106286,0.062854897,0.082530029,0.071118973,0.078905006,0.094226929,0.086004065,0.094555454,0.08556312,0.10245492699999999,0.08987994199999999,0.09717963,0.10269072900000001,0.10725606,High-grade
0.094250206,0.086398774,0.09165272599999999,0.100170705,0.097609475,0.09364517900000001,0.08988448199999999,0.08751035900000001,0.086424117,0.08585954,0.085904705,0.086619955,0.08780541300000001,0.089278824,High-grade
0.091610869,0.088808753,0.085929031,0.08367665099999999,0.082779906,0.083830892,0.085161234,0.08613503900000001,0.08715340099999999,0.08859674699999999,0.091438597,0.096594438,0.10306890699999999,0.10962313,High-grade
0.044281769000000006,0.036271189,0.030586095,0.027909298,0.03273361,0.038551066,0.045691489,0.053234526,0.060492841,0.067113399,0.071425107,0.072098507,0.06950472,0.06409223,High-grade
0.016771447,0.021314162,0.026758641,0.031686919,0.035459127,0.035686755,0.034978379,0.033333499999999995,0.03169012,0.030761992000000002,0.031949114,0.036705907,0.044122882999999995,0.052625146,High-grade
0.004892223,-0.0013391929999999998,-0.005150944,-0.005587759,0.0056692240000000005,0.015410425,0.02675254,0.038755266000000003,0.05044789400000001,0.061152655,0.069594092,0.074540994,0.076260148,0.075407235,High-grade
0.00706195,0.021186347999999997,0.039342179,0.055298268,0.06275403,0.060814292,0.059564252000000005,0.062469405,0.067973521,0.073131994,0.076611217,0.076873992,0.074426484,0.07068862299999999,High-grade
0.048455121,0.048159744000000004,0.047894615999999994,0.047670635,0.047338022,0.047195031,0.047023990999999994,0.04678164,0.04646995,0.046098399000000005,0.045665729,0.045177275,0.04461509599999999,0.043951329000000004,High-grade
0.047612654000000004,0.044103092,0.040370609,0.039406658,0.051900189000000006,0.06021415,0.06473405,0.061163595,0.052022665,0.041076112000000005,0.032023706,0.028883651,0.030366307999999998,0.033796455,High-grade
0.053076099999999994,0.053533381,0.053978957,0.054404965,0.054026044,0.05480717,0.055532008,0.051964287000000005,0.048540787,0.053402527000000005,0.058115114,0.051094031,0.038071068,0.027137249,High-grade
0.024937675,0.026863105,0.030062069,0.032987728,0.040759708,0.03755768,0.028798284,0.055211878,0.028727796,0.033808777000000005,0.035188764,0.038137375,0.04155999,0.046909480999999996,High-grade
0.047417492,0.043500528,0.040089544,0.038087951,0.040424227,0.043087948,0.04577182,0.047693624000000004,0.048682487,0.048985145,0.048123424000000005,0.045675981,0.042288714000000005,0.038684982,High-grade
0.03554558,0.036174081000000004,0.036827367,0.037424185,0.038230377999999995,0.038469006,0.038644732,0.038808901,0.038932122,0.038974625,0.03892175,0.038747041,0.038488397,0.038186818,High-grade
0.050074589,0.055482742,0.06216278,0.067311464,0.065120355,0.061067351,0.057227195999999994,0.055295679,0.054756862999999996,0.054413369,0.053901957,0.052771629,0.051118070999999994,0.049382548,High-grade
0.049284613,0.047538029,0.046021205999999995,0.044549492999999996,0.041234359,0.039582161,0.038107769,0.036944974,0.036032011,0.035295428,0.03457349,0.033707178,0.032850217,0.032183233,High-grade
0.04013242,0.037650004,0.03723391,0.038488034,0.044478182000000005,0.049128092000000005,0.055017120999999995,0.062234464,0.069919001,0.077171898,0.082908137,0.086035969,0.086932725,0.086405682,High-grade
0.031706959,0.034494984,0.03934232,0.044023217999999996,0.046325459000000006,0.048783697,0.054200452,0.061053697000000004,0.07146564700000001,0.08974731,0.106872965,0.110837959,0.10610274800000001,0.100170356,High-grade
0.026379696,0.028342795,0.095357524,0.076148492,0.09856364599999999,0.09621862699999999,0.09346270699999999,0.10003401599999999,0.11223481199999999,0.123674972,0.130176751,0.127625384,0.118274227,0.105598126,High-grade
0.047095979,0.049146807,0.048465595,0.049049429000000005,0.066346444,0.077109262,0.08703541599999999,0.094736913,0.10034209300000001,0.10491237099999999,0.107464743,0.10740405800000001,0.10565248699999999,0.102755565,High-grade
0.050638537000000004,0.047123038,0.046600597,0.046263732,0.040945204,0.040174247999999996,0.046612363,0.06536904,0.091586062,0.11914172199999999,0.140886511,0.149292524,0.147144781,0.13964105,High-grade
0.037516946,0.031614472000000005,0.031413322,0.030978251000000002,0.032058635,0.013579991000000001,0.005680845,0.06725276599999999,0.13804924400000002,0.12077255099999999,0.068429653,0.071571114,0.097603496,0.085149697,High-grade
0.03161092,0.03603894,0.044445309,0.053119013,0.06027126,0.062809024,0.066894747,0.074401332,0.083709436,0.092015355,0.09960082599999999,0.10621126300000001,0.111041266,0.114694479,High-grade
0.027595473,0.027869067999999997,0.031672188999999996,0.037132498,0.047257164000000004,0.05310422099999999,0.060542012,0.070403309,0.081489964,0.092267537,0.101253419,0.106940307,0.10974734800000001,0.11060404199999999,High-grade
0.035301072999999995,0.027163924,0.021618932,0.019842095,0.030833563999999997,0.040543756,0.052887246,0.067847852,0.083170423,0.09727929699999999,0.10552162,0.103491334,0.09409715800000001,0.081266562,High-grade
0.028553427000000003,0.027836362000000003,0.028417215,0.032369176,0.06146205,0.056700214000000006,0.047172954,0.054479299,0.069747875,0.078875271,0.08236492299999999,0.083780735,0.08098515,0.070217152,High-grade
0.057927953,0.069666622,0.08247038200000001,0.094788314,0.114340237,0.12128331199999999,0.12841339699999998,0.13765234099999998,0.147426091,0.156399667,0.160343097,0.155274793,0.14461106,0.13226894,High-grade
0.021589481,0.029747139,0.021853668,0.008769932,0.014545786000000002,0.017223326,0.0210859,0.031651873,0.04607904,0.06112752,0.07424691,0.08271248099999999,0.08732649699999999,0.089726961,High-grade
0.021965157000000003,0.021868391,0.024327834,0.029371123,0.045805739000000005,0.054254360999999994,0.061370955,0.065867685,0.068091688,0.06942421,0.068436094,0.064189001,0.05890350900000001,0.054307669,High-grade
0.03889539,0.036448609,0.033106493,0.031123135,0.038211941,0.044792535999999994,0.051665625,0.05775090099999999,0.063037146,0.067597878,0.07264443400000001,0.079037147,0.085078499,0.090629839,High-grade
0.034504064,0.045936512,0.058561521,0.069556788,0.077997743,0.077291117,0.074100503,0.06905986900000001,0.063106258,0.056909142,0.05174655,0.04902136,0.04855092,0.04954607,High-grade
0.033159032000000005,0.030329087999999997,0.029125416,0.02969191,0.036332299,0.041456015,0.047441018,0.054099679000000005,0.060820437000000005,0.06707341900000001,0.072094055,0.075129154,0.076381492,0.076322739,High-grade
0.056239342000000005,0.07415445,0.093059449,0.105548268,0.09352839199999999,0.079025295,0.067554084,0.066391029,0.073388614,0.08409629099999999,0.095244543,0.10324012199999999,0.10902335699999999,0.114430684,High-grade
0.052678188,0.051920465,0.052905680999999996,0.055728583,0.066811578,0.074037959,0.081944111,0.090250119,0.09851198300000001,0.10623200099999999,0.112467287,0.117846646,0.12296309400000001,0.122349043,High-grade
0.07688651099999999,0.077767913,0.08395821099999999,0.095540993,0.077721571,0.139195671,0.09238919400000001,0.11089545199999999,0.11830901099999999,0.122111698,0.12104363900000001,0.119888169,0.118198811,0.11465299699999999,High-grade
-0.005621907,-0.018208573999999998,-0.025365969,-0.027380107,-0.013792186000000001,-0.004562933,0.010167423,0.041857074,0.07560093,0.089280148,0.09126460199999999,0.096914674,0.10103554099999999,0.095753395,Low-grade
-0.03354814,-0.027974082999999997,-0.022296332000000002,-0.018364033000000002,-0.020267088,-0.02417844,-0.02821669,-0.031029871,-0.031807938,-0.029847435,-0.026120171,-0.021240196,-0.014470429,-0.006068195,Low-grade
-0.022935447,-0.025140969,-0.026708007000000002,-0.028054039,-0.031339625,-0.032518299,-0.033293344,-0.033707135,-0.033113097,-0.030976569,-0.02660647,-0.019273257,-0.009659935,0.001006947,Low-grade
-0.042982924000000006,-0.034110338,-0.024707071,-0.017838181,-0.018718659,-0.022511188999999997,-0.024574486,-0.021702813999999997,-0.014643148,-0.005518077,0.002250763,0.009567855,0.017871785,0.012609556999999999,Low-grade
-0.028029022,-0.028508303999999998,-0.028204577,-0.027063833,-0.02201227,-0.01859383,-0.014641329,-0.010150991,-0.005577623,-0.001302625,0.002134805,0.00415263,0.005210628,0.0060417430000000005,Low-grade
-0.007553399999999999,-0.010195981,-0.012344704,-0.013914756,-0.015083158000000001,-0.015292178,-0.014772708,-0.0138852,-0.012571945,-0.008257488,-0.004640678,-0.009482908,-0.014838198,-0.007775469,Low-grade
-0.02995518,-0.032580442,-0.034391513,-0.032758212,-0.014543597,-0.0030584109999999996,0.004473898,0.003201185,-0.003459046,-0.010721975,-0.014812625,-0.011233358999999998,-0.001801457,0.009123648,Low-grade
-0.049043416,-0.04480428400000001,-0.037015877999999995,-0.02816458,-0.014235963,-0.008517400999999999,-0.00331736,0.0016150020000000001,0.006446858000000001,0.011129163000000001,0.015439203,0.019662067,0.023418875,0.025144514,Low-grade
-0.003307076,0.005825663000000001,0.015450663,0.024730851,0.040087795,0.046579670999999996,0.05265071,0.058860675999999994,0.064839585,0.06990276299999999,0.07468371900000001,0.07951188,0.084015299,0.088404601,Low-grade
0.009279941,0.003065487,-0.001360796,-0.00046184300000000003,0.024730545,0.042935403,0.05942375900000001,0.06966429,0.07481246,0.07729407,0.079129329,0.082609145,0.08668951800000001,0.089595455,Low-grade
-0.000290508,-0.001564278,-0.0023077939999999997,-0.000261027,0.016512115,0.027167777999999997,0.035074554,0.036660525,0.033774797,0.029212609,0.025942555,0.027136234,0.031552843,0.036901276000000004,Low-grade
0.0070393109999999995,0.010590167,0.014859648,0.018473261,0.020478869,0.019811418,0.016718791,0.022879219,0.041443649,0.023227599999999998,-0.019778555,0.12641587,0.010383544,0.037942752,Low-grade
0.004417224,0.014552473,0.026313733,0.037013871000000004,0.048157654,0.050529827,0.053337471,0.058890486,0.065535522,0.071218203,0.07367759,0.070428799,0.063492687,0.055954658,Low-grade
0.0030766129999999997,0.004343716,0.005762273,0.008168633,0.016897355,0.021321882,0.023283362999999998,0.020502482,0.015288993999999998,0.010439946,0.008129498,0.011611191000000002,0.019722356,0.026639341,Low-grade
-0.022890672,-0.010750402,0.004528547,0.017433606,0.019487752,0.014778593999999999,0.008831878,0.0033096040000000003,-0.00047206300000000005,-0.002255697,8.62402e-05,0.008712200000000002,0.022189688,0.03808001,Low-grade
0.00204703,0.00753532,0.014278552,0.020816832,0.028619713999999997,0.030159057000000003,0.03066648,0.029745415,0.027936183,0.02921115,0.031878834,0.024552821000000002,0.013798633999999999,0.037584531000000004,Low-grade
0.001861453,-0.002974485,-0.006370961999999999,-0.007586773000000001,-0.0030347720000000003,0.0013967029999999998,0.004988508,0.005418581,0.004320944,0.00382517,0.00528772,0.010626166000000001,0.018600831,0.026733955,Low-grade
0.02222372,0.036774915,-0.009571468,0.03051377,0.018522656000000002,0.019143087,0.021747704,0.021375922000000002,0.019550752,0.018962449,0.019456026,0.021545698,0.024648562000000002,0.027419761,Low-grade
0.006062703000000001,0.00793851,0.009946782,0.012555841000000002,0.020425591,0.024184562000000003,0.026664113,0.026857917999999998,0.025488568,0.024087907999999998,0.023102372000000003,0.022051941000000002,0.022190208,0.025565333,Low-grade
-0.030512928999999998,-0.026929138,-0.022888055,-0.019580172,-0.018400711,-0.019519321,-0.020954862,-0.022148328999999998,-0.022553247999999998,-0.021910235,-0.020776578,-0.018604745,-0.015686009,-0.015531656999999999,Low-grade
-0.043391238,-0.024335934,0.004663813,0.030437917000000002,0.036110897999999995,0.025087462999999997,0.020754354,0.030352056000000002,0.049191192,0.088716319,0.112767294,0.055279953,-0.019308414,-0.006378,Low-grade
-0.0028734679999999997,-0.010367355,-0.014547886000000001,-0.016539417,-0.013547966000000002,-0.012262526999999999,-0.003333853,0.01904045,0.050836043,0.080647593,0.098746888,0.079597817,0.054055809,0.07275126400000001,Low-grade
0.020790654,0.015074954,0.010133113000000001,0.007481553,0.01139176,0.015945399,0.021215982,0.025377915,0.028505479,0.034847269,0.042333153,0.035230538,0.046241298,0.043677219,Low-grade
-0.007947204,-0.019269199,-0.028291204,-0.033807379,-0.031282907,-0.025220352,-0.016604988,-0.0061206590000000005,0.005425634,0.017749828999999998,0.028203414,0.034485315,0.037743307999999996,0.03916036,Low-grade
0.010918789,0.012321285,0.014694037,0.018742903999999998,0.032083524,0.039367656,0.043827787,0.043956962,0.040997221,0.032825374,0.024832358,0.035742997,0.029587258999999998,0.042771385999999995,Low-grade
0.01754244,0.010653105,0.005511318,0.0031337059999999996,0.009154511,0.01590531,0.024197374,0.033220868,0.04229463,0.051006946,0.058311705,0.063245484,0.066013665,0.067101735,Low-grade
0.025241304,0.025248807,0.025566112000000002,0.026186385,0.028296246,0.029711484,0.031385227,0.03337615,0.035497974,0.037535104,0.03939163,0.040938525,0.042187527,0.043305645,Low-grade
0.021414261,0.0016969679999999999,-0.015615255,-0.024960008,-0.007767279,0.010331304,0.026749942000000002,0.034663118,0.03636868,0.03608093,0.037196391,0.04353311,0.053331783,0.063353698,Low-grade
-0.014737545,-0.004305125999999999,0.008105584,0.01797177,0.017159152,0.011584185,0.005563105,0.001361187,-0.00089574,-0.002056019,-0.0016281820000000002,0.000797029,0.004909243,0.010256798000000001,Low-grade
0.014274126000000002,0.011941941000000001,0.017395881000000002,0.024714091,0.025450311,0.023778379,0.022462636,0.022666453,0.023812787999999998,0.024732715,0.025432509,0.025666271,0.025601283,0.025911349,Low-grade
0.009998879,-0.013877199,-0.034166022000000004,-0.040737363,0.009273925,0.046675622,0.078831498,0.093708208,0.094382945,0.091083833,0.081469245,0.06073779,0.038960111,0.028822047000000003,Low-grade
0.001634512,0.008675293,0.01644976,0.022841603,0.023695191,0.02282912,0.02084683,0.013910463999999999,0.007386261999999999,0.009279409,0.014891007,0.016412752,0.0163738,0.018989236,Low-grade
-0.012389293999999999,-0.007153509000000001,-0.001636539,0.0030435790000000002,0.006950451,0.0070917390000000005,0.0067153759999999995,0.006478953000000001,0.00652106,0.006737003,0.007498001,0.009139231,0.011518829,0.014431009,Low-grade
-0.015657491000000003,-0.007991446999999999,0.001747101,0.011268753000000001,0.023192989,0.02715592,0.031347192999999995,0.037189685,0.043759407,0.04966289,0.053939482000000004,0.055560418,0.054924099000000004,0.052909082999999996,Low-grade
0.009596533,0.012944303,0.016673038,0.020247936,0.025427909,0.026929263999999998,0.027923231,0.02843654,0.028736972000000003,0.029888931,0.031187215,0.030478747,0.030312061,0.034894819,Low-grade
-0.009833964,0.003548695,0.019413696,0.032324339,0.033515617000000004,0.027618128999999998,0.020632323,0.015015229,0.011179265,0.008411301,0.00776266,0.010219418000000001,0.015161091000000002,0.021647586,Low-grade
0.014586796,-0.0006513140000000001,-0.009992971,-0.013026403999999998,-0.002769925,0.009242852,0.02357292,0.03786719,0.051131349000000006,0.06284029099999999,0.072778273,0.080491448,0.08633772699999999,0.091159524,Low-grade
0.01401693,0.018982835,0.024475566,0.029353857,0.03409330000000001,0.034899168,0.035307859,0.035887728,0.036702668,0.037590768,0.038775777000000004,0.040456287,0.042529551,0.044840318,Low-grade
0.032202536000000004,0.04541648,0.043806221,0.034895704,0.028405801,0.026533999,0.025671187,0.025907197000000003,0.02732469,0.03053985,0.033824249,0.034978748,0.034758331,0.034435064,Low-grade
0.024734836,0.024717046,0.025058657,0.025318202,0.024702948,0.023948913,0.023755377999999997,0.024818847999999998,0.026825073999999997,0.029577762999999997,0.031485338,0.031120637000000003,0.029717882,0.028431967000000002,Low-grade
0.03471048,0.032424128999999996,0.030188556000000002,0.028551496000000003,0.02856855,0.029567708999999998,0.030768197,0.031801445,0.032755114,0.03381697,0.035014539,0.03645484,0.037936155,0.039232012000000004,Low-grade
0.030034972000000004,0.03126166,0.032628641,0.033797619,0.034583398,0.034709705,0.034808032999999995,0.034971431000000004,0.035542397,0.036760623,0.039072179,0.04292845,0.047929652,0.053420997000000005,Low-grade
0.019805836,0.021595757,0.023613366,0.025295031000000003,0.026098942000000003,0.025925841,0.025650752000000002,0.025475822000000002,0.025790195,0.026843292,0.029139744,0.033189948999999996,0.038591716,0.044647720999999994,Low-grade
0.037401588,0.004576685,-0.017102456000000002,-0.025862537999999997,-0.0061540580000000004,0.014093447,0.036232279,0.053601395,0.066333413,0.083689793,0.094130035,0.075437395,0.051218197,0.058652271,Low-grade
0.038253095,0.035519916,0.033124646,0.030951238,0.02698872,0.025776967999999997,0.025207181000000002,0.025287672,0.02646032,0.029169507,0.033851063,0.040825439,0.049980747,0.060650878,Low-grade
0.051155797,0.043243944000000006,0.034346614,0.026863476,0.024149432999999998,0.025842654,0.029627037999999998,0.035701509,0.042669664,0.04992296,0.053291202999999995,0.048859892,0.039512875,0.028678461000000002,Low-grade
0.019976287,0.028792747,0.041060595,0.048150482,0.024708045,0.014201361000000001,0.012152814,0.023842133999999997,0.038764612999999996,0.045471305999999996,0.037511457000000005,0.043312445,0.05149321,0.053927761,Low-grade
0.027452314,0.027271168,0.026742767999999997,0.025247506,0.018355217,0.013409333999999998,0.009165209,0.006489859000000001,0.006918655,0.011407055,0.014673905,0.020141193,0.029858735,0.016354682,Low-grade
0.033462173,0.034891817,0.037260156,0.038647873,0.038123629,0.031801722000000004,0.027569819,0.040389159,0.05531901400000001,0.048331131,0.033135492999999995,0.031708571,0.036495111000000004,0.035424011,Low-grade
0.01743601,0.020098798,0.023226162999999998,0.025707089,0.025506229,0.024288148,0.022877522999999997,0.021594107999999997,0.021042798999999997,0.021584037,0.023940055,0.028865613999999998,0.035761139,0.043551082000000005,Low-grade
0.064238433,0.053092207999999995,0.037221343,0.022449191,0.016152323,0.018741584,0.02405162,0.031999411,0.041267722,0.051207508,0.059172496,0.062439869,0.062064827,0.059786655999999994,Low-grade
0.033138592,0.031957368,0.031801015,0.032611018,0.036778047,0.040005561,0.04392284,0.048455139,0.053376528,0.058456959,0.063384868,0.067851021,0.07182464,0.07532731299999999,Low-grade
-0.026244256,-0.016055739,-0.003431993,0.007006959,0.010067010999999999,0.009111636999999999,0.01230056,0.02395402,0.04057705,0.056951673,0.069106313,0.072870356,0.069653197,0.062694894,Low-grade
0.047636701,0.036903986,0.028002608,0.025753765,0.051347344,0.070394997,0.086166965,0.092603209,0.091212242,0.08540249,0.0778163,0.071483714,0.06581134799999999,0.059468429,Low-grade
0.09406220300000001,0.08702065699999999,0.080436421,0.078743908,0.098156165,0.11185145199999999,0.11970018199999999,0.11436664699999999,0.099950772,0.082447023,0.068265185,0.06429615400000001,0.06797639999999999,0.074507227,Low-grade
0.046900807999999995,0.038390172,0.030165088,0.026546359,0.042241090999999995,0.054556047999999996,0.063058043,0.062018026,0.054339913,0.044660865999999994,0.036954414,0.035649527,0.039446958,0.045404967000000004,Low-grade
-0.12441118599999999,-0.126315418,-0.125927242,-0.123588158,-0.114036456,-0.107514827,-0.099375676,-0.089212655,-0.07800376,-0.066527145,-0.057021465,-0.051587544000000006,-0.048762803,-0.046713595,Low-grade
-0.245034631,-0.233707876,-0.21996899600000003,-0.205693645,-0.190994367,-0.167447351,-0.142631844,-0.146906476,-0.148602296,-0.107588755,-0.051874104000000004,-0.010784421,-0.0034265640000000004,-0.05607052,Low-grade
-0.23996407,-0.22552019399999998,-0.206843621,-0.187143996,-0.155327736,-0.14052779599999998,-0.12451462099999999,-0.11367952099999999,-0.10606751699999999,-0.071114397,-0.07622294,-0.058645549000000005,-0.046046617000000005,-0.035974583,Low-grade
-0.179135655,-0.178723761,-0.176579077,-0.173125687,-0.163685045,-0.15781921,-0.151192667,-0.143765864,-0.135849771,-0.127796412,-0.119853426,-0.112296769,-0.105083057,-0.098013136,Low-grade
-0.356663096,-0.368375511,-0.322913893,-0.344285874,-0.28410049,-0.253665283,-0.223594743,-0.183530655,-0.15431162,-0.116988885,-0.080511396,-0.058359182999999995,-0.047091445,0.009024489,Low-grade
-0.223118965,-0.22611265,-0.20964491,-0.18044702199999998,-0.164383528,-0.167077715,-0.15710181,-0.142783099,-0.12423469,-0.108242674,-0.094827428,-0.082899199,-0.07257775400000001,-0.06334432799999999,Low-grade
-0.037963059,-0.029968817000000002,-0.022280205,-0.014256745,0.00438712,0.013522756,0.021992807000000003,0.029604792,0.036108231,0.041310231,0.045148130999999994,0.047601732,0.04851458,0.047919203,Low-grade
-0.149121701,-0.14749078599999998,-0.146169216,-0.145349326,-0.144348384,-0.143479239,-0.14066764199999998,-0.13459961,-0.125302339,-0.11275993599999999,-0.098790296,-0.085163911,-0.07043226799999999,-0.053579914000000006,Low-grade
-0.0601605,-0.050111132,-0.039626259,-0.032988504,-0.02382499,-0.021567287999999997,-0.019744071000000002,-0.016940953999999998,-0.013650532,-0.010864826000000001,-0.008114071,-0.005067977,-0.002114931,0.0008532619999999999,Low-grade
-0.11088224699999999,-0.100983945,-0.09099037300000001,-0.080733981,-0.05859121900000001,-0.04869474,-0.040418396,-0.033992319,-0.029020103,-0.024953224,-0.020973232,-0.016245015,-0.011065864,-0.005974341,Low-grade
-0.040297726,-0.053420847,-0.071694475,-0.08348167599999999,-0.054907823,-0.029703957000000003,-0.007072435,0.005625513,0.010886153,0.014114756000000001,0.017464576000000002,0.023530211000000002,0.031331542000000004,0.038132853,Low-grade
-0.041655785,-0.072408528,-0.110046856,-0.13992563800000002,-0.133320313,-0.115874948,-0.098087724,-0.087010844,-0.081330074,-0.073419081,-0.068239013,-0.07446581299999999,-0.081534845,-0.074786503,Low-grade
-0.02101123,-0.050449268,-0.087435254,-0.114705421,-0.091575929,-0.061827329,-0.033788221,-0.018138162,-0.011377924,-0.005929067,0.000862065,0.012414376999999999,0.027082997,0.040822736,Low-grade
-0.13541802,-0.127154501,-0.115759259,-0.10270415,-0.074349238,-0.060965084,-0.045348965,-0.024660817999999998,-0.002521486,0.017987965,0.029431911,0.024439127999999997,0.009023637,-0.008944645,Low-grade
-0.099734934,-0.13512776,-0.09228560000000001,-0.000759108,-0.042470527,-0.121319308,-0.14592570300000002,-0.15683977300000002,-0.147543177,-0.142682563,-0.13607186400000001,-0.115759285,-0.08622693599999999,-0.052700267,Low-grade
-0.250188554,-0.24498434300000002,-0.233442118,-0.203634399,-0.080339405,-0.0031157579999999997,0.062682268,0.034326514,-0.057607474000000006,0.059420787,-0.133634954,-0.096982153,-0.064689062,-0.029757541000000002,Low-grade
-0.082776092,-0.088722204,-0.09433773,-0.095657971,-0.075119947,-0.060054240999999994,-0.04617403900000001,-0.03666093,-0.030835066,-0.026620499,-0.023741897999999997,-0.021716471,-0.020363139,-0.02003209,Low-grade
-0.156799012,-0.15227722800000001,-0.146747274,-0.141372304,-0.13444367699999998,-0.131498861,-0.128562089,-0.125470381,-0.121256507,-0.115246115,-0.10621598300000001,-0.092892414,-0.076484514,-0.059000849,Low-grade
-0.16229343599999999,-0.157685039,-0.14975376599999998,-0.141067036,-0.127462525,-0.121717028,-0.112563195,-0.096505751,-0.077483216,-0.059085295999999995,-0.049139519000000006,-0.05617599,-0.07375647,-0.091061835,Low-grade
-0.09772186199999999,-0.066209116,-0.031873847999999996,-0.016143055,-0.08533149599999999,-0.136872288,-0.164787398,-0.139514861,-0.078560666,-0.007470905999999999,0.049016878,0.062903747,0.04461553099999999,0.017394833000000002,Low-grade
-0.10577175300000001,-0.13578557900000002,-0.168485685,-0.190535382,-0.16580441199999998,-0.136286247,-0.105421557,-0.081003965,-0.062655186,-0.046463076,-0.03464538,-0.028730697000000003,-0.027138929,-0.028986229,Low-grade
-0.151887902,-0.152171513,-0.150818598,-0.145885782,-0.12088872199999999,-0.10427749800000001,-0.087452818,-0.072321914,-0.058909319,-0.047913302000000005,-0.039723367999999995,-0.029594472,-0.018986344,-0.028457186000000002,Low-grade
-0.087957058,-0.093835006,-0.10126721699999999,-0.10472519699999999,-0.083872586,-0.067651797,-0.051681215,-0.038843254,-0.029120504,-0.020908977,-0.015481555,-0.013839541,-0.014733895,-0.017119156,Low-grade
-0.10860903300000001,-0.10898506599999999,-0.104648307,-0.098096965,-0.086156245,-0.078854183,-0.06873597,-0.054536362000000005,-0.038567615,-0.023293246,-0.012226255,-0.009000272,-0.011087477,-0.014652519,Low-grade
-0.13614079199999998,-0.140573051,-0.144614201,-0.145399843,-0.13018021400000002,-0.11785357699999999,-0.105936205,-0.097643694,-0.091553716,-0.085356189,-0.07774636900000001,-0.067043293,-0.054323638,-0.041762518,Low-grade
-0.055188601,-0.048857895,-0.042174428,-0.038198015,-0.0447367,-0.050370239000000004,-0.052155375999999996,-0.045459544000000005,-0.032982192,-0.018685242,-0.006592961,-0.001048097,-0.00047715,-0.0018339029999999998,Low-grade
-0.089892603,-0.08552353300000001,-0.07919630000000001,-0.070507888,-0.04560948,-0.031370709,-0.016623524,-0.001786975,0.012396823999999999,0.025370955,0.035731445,0.042507273,0.046095773,0.046145712,Low-grade
-0.08903179800000001,-0.0886544,-0.084658909,-0.07832545099999999,-0.063416807,-0.05436556099999999,-0.044110718,-0.033028136,-0.021534237,-0.009922296,-0.00014696299999999998,0.006355611,0.010197481999999999,0.011701696999999999,Low-grade
-0.065156311,-0.063932855,-0.060265128,-0.054822508,-0.041045164,-0.032792958999999997,-0.023564943999999997,-0.013452216000000001,-0.0030704240000000004,0.007036189,0.015610017,0.021508614,0.02529744,0.027673415,Low-grade
-0.10312287,-0.081659517,-0.05623487,-0.035649059,-0.021206178,-0.032749466,-0.052015683,-0.009924732,-0.04651286599999999,-0.031291853,-0.022722715,-0.01509649,-0.009369631,-0.002304645,Low-grade
-0.070248333,-0.059552244000000004,-0.046225449,-0.032930346,-0.014537577,-0.007375329,-0.000479761,0.007142766,0.015401119,0.021654666,0.025148484,0.033472708,0.044443937999999995,0.02414045,Low-grade
-0.085681854,-0.083256325,-0.07838023599999999,-0.066829606,-0.019830729,0.007573053000000001,0.027888316,0.032596303,0.026365463,0.015967459,0.008353909,0.011279475,0.021724341,0.033798012,Low-grade
-0.06378044,-0.026296772000000003,-0.050315248,-0.055899055999999996,-0.04022899,-0.033703025,-0.030773488999999998,-0.026888877999999998,-0.022740293999999998,-0.018352348,-0.013107074,-0.006028095,0.00222981,0.009970684,Low-grade
-0.0641927,-0.057767201,-0.049322882,-0.042251782,-0.041974897000000004,-0.04498483,-0.047868395999999994,-0.049048619,-0.048275455999999994,-0.046005146,-0.042282137000000004,-0.03697881,-0.030523045,-0.02375725,Low-grade
-0.052666779000000004,-0.056964272,-0.063108304,-0.061174969,-0.047606628,-0.036976295,-0.028101935,-0.024874902999999997,-0.025315291,-0.026469813999999998,-0.025618994,-0.019744985,-0.010353273,-0.000264656,Low-grade
-0.083762167,-0.066260231,-0.045401382000000004,-0.026714881,-0.011521088999999998,-0.009839351,-0.008383424,-0.004099195999999999,0.0019412670000000002,0.007481998,0.01174994,0.013828498,0.013990633999999998,0.013105968999999999,Low-grade
-0.060390987,-0.060208867,-0.061750162000000004,-0.063103079,-0.058750378,-0.054502512999999995,-0.049134280999999995,-0.042875182000000005,-0.036071142,-0.02901233,-0.022252578,-0.016460656,-0.011759893,-0.007569487,Low-grade
-0.103442768,-0.091859871,-0.072136845,-0.049765595,-0.028432448,-0.02363875,-0.024031862,-0.031787376,-0.043384782000000004,-0.055691979,-0.06271856599999999,-0.058138497000000004,-0.044688962,-0.02730998,Low-grade
-0.053162089,-0.05162429,-0.049438998,-0.047210893,-0.04372657,-0.042785582999999995,-0.040981254,-0.037130342999999996,-0.032139537999999995,-0.026620431,-0.023891216,-0.026979851000000003,-0.033380539,-0.040408544,Low-grade
-0.050556011,-0.051102422,-0.050966858,-0.050380385,-0.048614822,-0.047517699999999996,-0.046282032,-0.0448844,-0.04347927099999999,-0.042239947,-0.041292877,-0.040764019,-0.040616975,-0.040738105,Low-grade
-0.049010639,-0.048454057,-0.048305241,-0.049383684000000004,-0.057528353,-0.062397290999999994,-0.06765550099999999,-0.073362614,-0.077852386,-0.079924916,-0.076654931,-0.065220412,-0.04785256400000001,-0.027760559,Low-grade
-0.115878885,-0.130609524,-0.125411582,-0.115300995,-0.131113058,-0.136664211,-0.129043895,-0.102060624,-0.063314614,-0.021648847000000002,0.0068233619999999995,0.00597734,-0.01537471,-0.04429534,Low-grade
-0.08744300199999999,-0.077073003,-0.064256673,-0.051394142000000004,-0.03175016,-0.024600592999999997,-0.016906217,-0.006078671,0.005476798000000001,0.013969559,0.016329941,0.012330677,0.001224157,-0.019899152,Low-grade
-0.159437052,-0.159908125,-0.158262428,-0.15474871699999998,-0.14305105699999998,-0.135670325,-0.127478246,-0.118499301,-0.109385904,-0.100792812,-0.093368823,-0.087760466,-0.083851173,-0.081189774,Low-grade
-0.07575494,-0.07359684799999999,-0.068538914,-0.062456515,-0.052117154000000006,-0.046184283,-0.03760747,-0.024755271000000002,-0.009202090999999999,0.006935131,0.020323252,0.028454262,0.032102603,0.030522433999999998,Normal
-0.035510356,-0.032882374,-0.025824867,-0.016836547,-0.006444994,0.011477599,0.030631729,0.038123474,0.035994357000000005,0.02673028,0.017081991,0.017243901000000002,0.022974827000000003,0.026065593999999997,Normal
-0.0051006079999999995,0.0038312359999999996,0.013388553999999999,0.021169247000000002,0.024884833,0.02264309,0.018820558,0.014352138,0.009905501,0.005792985,0.0024775920000000002,0.000665362,3.52321e-06,-0.000450991,Normal
-0.035539304,-0.030447625,-0.025774963999999997,-0.022140512999999997,-0.020355943,-0.02063505,-0.023193859,-0.029133477,-0.036290803999999996,-0.04332867,-0.04386444,-0.031986037,-0.012499798999999999,0.008945633,Normal
-0.042120183,-0.02984462,-0.013134675,0.001060336,0.000615811,-0.006276978000000001,-0.014357691,-0.021603832000000003,-0.026803691,-0.030040248999999998,-0.029177777000000002,-0.022049301,-0.010079244000000001,0.004345179,Normal
-0.040731792999999995,-0.047428226,-0.048933326,-0.044611406,-0.035070021,-0.028129904,-0.02022218,-0.012027523,-0.004079784,0.003028349,0.008972835,0.013386925,0.016120468,0.017359548,Normal
-0.046592449,-0.052385007000000004,-0.016745434,-0.040589394,-0.032652551,-0.035402487999999996,-0.040378405,-0.043739457999999995,-0.045614657,-0.047187726,-0.047618172,-0.046215602,-0.043368123,-0.039533552,Normal
-0.037853198,-0.038297838,-0.038463442,-0.038701371,-0.040270791,-0.041101072,-0.041663824,-0.041699285,-0.041131057,-0.040004064,-0.038084585,-0.035183375,-0.031453976,-0.027058771000000002,Normal
-0.043099155,-0.04432943,-0.04456345900000001,-0.044564976,-0.045702735999999994,-0.046253731,-0.046443233,-0.045817542,-0.044734925999999994,-0.043597775,-0.041724234,-0.039067577,-0.034942253,-0.028244172,Normal
-0.024355652999999998,-0.028230896000000002,-0.028101378,-0.025911313999999998,-0.02191501,-0.018602051,-0.013667008999999999,-0.006708039,0.001256599,0.008916518,0.015252729,0.019178094,0.020984272999999998,0.021415918,Normal
-0.02453052,-0.026237536000000002,-0.025360305,-0.022727197999999997,-0.014951174,-0.009239351,-0.0018752439999999999,0.007422044,0.017793771,0.028191558999999998,0.037606742,0.045005487999999996,0.050486769,0.054537351,Normal
-0.01056768,-0.022980213,-0.029375791000000002,-0.031306747,-0.028404729,-0.023446434,-0.016329625,-0.007486542,0.002102956,0.011885288,0.019253545,0.021781784,0.020930691,0.018790356,Normal
-0.023618326000000002,-0.034661814,-0.041955315,-0.045048239000000004,-0.04081472,-0.03479652,-0.029017103,-0.026287126,-0.025316154,-0.024299807000000003,-0.021395398,-0.0144807,-0.004852375999999999,0.00518672,Normal
-0.048501599000000006,-0.036477267,-0.018516331,-0.0031472859999999996,-0.004588467,-0.012020774,-0.016952407,-0.014783382,-0.006733467,0.005600178000000001,0.016612176,0.020259434,0.023926713,0.025734896,Normal
-0.041868191,-0.028995985,-0.012271968000000001,0.0027614420000000002,0.010524993,0.008533564,0.004976742,0.001271931,-0.000848045,-0.001494355,-0.00030845,0.008168823,0.021902725,0.020758706000000002,Normal
-0.04107107,-0.036035272,-0.028674752999999997,-0.022965693,-0.027861812000000003,-0.033472187,-0.038331364,-0.040401341,-0.039681323,-0.037102513,-0.032573805,-0.026062746,-0.017997775,-0.008973403000000001,Normal
0.0063863259999999995,0.004958985999999999,0.0027432520000000003,0.000257904,-0.0037114440000000004,-0.0056672319999999995,-0.007243416999999999,-0.008241049,-0.0081272,-0.006246012,-0.004056658,-0.0023112329999999998,-0.000991588,-0.000915688,Normal
0.00670839,0.001363246,-0.0031505,-0.006438757,-0.008500207,-0.007226759,-0.004889541,-0.002069779,0.00187132,0.007626111999999999,0.015628542,0.026416496,0.03919347,0.052526909000000004,Normal
-0.022031879,-0.030636937000000003,-0.036294445,-0.036763027000000004,-0.019478026000000002,-0.0064835069999999995,0.0037364209999999998,0.006348803,0.003652752,-0.001040793,-0.004265861,-0.0009640839999999999,0.007390736,0.011918307,Normal
-0.02894769,-0.040462,-0.049567464000000006,-0.052303551,-0.030308322000000002,-0.012389042,0.004190846,0.014528083,0.01972114,0.022278344,0.024249679,0.027969183999999998,0.032478025,0.036202775,Normal
-0.023074687000000003,-0.05096419,-0.045707,-0.024168106,-0.0017264379999999998,0.017592533,0.032792472,0.028841317,0.012606711999999999,-0.006817404,-0.021486857,-0.022761652,-0.014016942,-0.001499128,Normal
-0.001372749,-0.008990636,-0.014859953,-0.018064586,-0.01434197,-0.00897765,-0.002143553,0.0054523,0.013078411000000002,0.020264473,0.02599699,0.029292902000000003,0.030481771,0.030246931,Normal
-0.046489878,-0.0404034,-0.034503005,-0.030842259,-0.035594283,-0.041052212000000005,-0.047247218,-0.053207249000000005,-0.0574533,-0.059076962000000004,-0.056133311,-0.046670808,-0.032107256,-0.014817413,Normal
0.019339149,0.005142165,-0.011065057,-0.021126161,-0.001629587,0.013509321000000001,0.023751849,0.024005377,0.01669426,0.006078228000000001,-0.002536578,-0.0034311109999999997,0.0015209020000000002,0.008305637,Normal
0.00509875,-0.0029744159999999997,-0.009004525,-0.011976196000000001,-0.006511800999999999,9.65025e-05,0.008204545,0.016941317,0.025357529,0.032762264,0.03809906,0.040344055,0.039749114,0.037142523999999996,Normal
-0.006641844,-0.013305794,-0.018746618,-0.020477745,-0.007721154,0.0024575020000000003,0.011131827,0.014921547,0.015068914,0.013766653,0.012894484,0.014569058999999999,0.017889262,0.021160526000000002,Normal
0.016833864,0.019063682,0.019816816,0.019584058999999997,0.029819127,0.019767983,0.033661973,0.033652159,0.036006998,0.038828236,0.041221713,0.041044171000000004,0.039231643999999996,0.037096508,Normal
0.024913974,0.028963866,0.033871753,0.037339692,0.037176584,0.031439098,0.027679372999999997,0.035917067999999996,0.046625879,0.046903602999999995,0.039818847000000004,0.029947111000000002,0.020984799999999998,0.018476725,Normal
-0.060256895,-0.061053655,-0.060524837000000005,-0.058651554,-0.051238089,-0.046066345,-0.040548362000000004,-0.035194545,-0.029909776000000002,-0.024649375,-0.018821667,-0.011860591,-0.004577197,0.002090321,Normal
0.000271647,0.00483982,0.009451469,0.012750686,0.011888343999999999,0.009257809,0.006052607,0.0030463829999999997,0.0007596189999999999,-0.0006328130000000001,-0.00026869999999999997,0.0026754120000000003,0.007690533,0.013955486000000001,Normal
0.018387343,0.021140247999999997,0.023414496,0.026957408999999998,0.041366949,0.047154753,0.046471665,0.041714319,0.034151204,0.0006573530000000001,0.00452644,-0.004387635,-0.003736024,0.000471219,Normal
-0.024167237999999997,-0.027443687999999997,-0.029524294,-0.030819577999999997,-0.032719996,-0.032944156,-0.032814718,-0.032743048999999996,-0.032013394,-0.029858303,-0.02648353,-0.021648527,-0.015874988,-0.010557267,Normal
0.072432364,0.071203424,0.070393241,0.066555504,0.043007854000000005,0.031986229,0.028057926,0.036733392999999996,0.05463454400000001,0.075648408,0.097862799,0.118650553,0.135791275,0.148351851,Normal
0.017063911,0.032233227,0.041088449,0.043788097000000005,0.041331834,0.038305075,0.03724444,0.040445026,0.046738387,0.054017965999999994,0.061097924000000005,0.06655554,0.070637142,0.074242043,Normal
0.019581287,0.018863009,0.019694071,0.021135052,0.026240745,0.026074037,0.027568292999999997,0.040437374,0.054613022000000004,0.053840025,0.047946708,0.052622708,0.062103424000000004,0.067034441,Normal
0.064259443,0.051311505,0.036337833,0.023454124,0.017732985,0.017845594,0.018662203999999998,0.023653123999999998,0.027762268,0.022895121,0.017104433,0.022288952,0.033755735,0.043720887,Normal
0.027352265,0.03020986,0.034670743,0.037697004,0.031945602000000003,0.027066398,0.024560686,0.02749355,0.034093883,0.041716457,0.047828014,0.049668490999999995,0.048406613,0.046062360999999996,Normal
0.012593775,0.017394478999999997,0.023613616,0.027517869,0.019167615,0.012234537,0.008041625,0.010144415,0.016774063999999998,0.025057304,0.031995906,0.0345334,0.033729421,0.031481568,Normal
0.020937881999999998,0.011101334,0.014116432,0.016958413999999998,-0.018819354,-0.009690605,0.019629682,0.061171067,0.096277726,0.103750359,0.092809869,0.070567546,0.047242242000000004,0.059858602000000004,Normal
0.024632381000000002,0.032370562,0.017782098,-0.003696998,0.004965674000000001,0.002269496,0.00060088,0.023806783999999998,0.050134419000000006,0.046542928,0.029914865,0.027866689,0.031256432,0.025540802,Normal
0.040373536,0.032668606,0.027351208,0.025041465,0.031837508,0.038082763,0.04760451,0.061714288,0.077179412,0.09164738800000001,0.097693738,0.088214424,0.068631854,0.045862087999999995,Normal
0.035427989,0.031001736000000002,0.027279498,0.024706235,0.024205964,0.025429387999999997,0.02757693,0.030617505,0.033932987000000005,0.037119311,0.038905909,0.037784259,0.034180682000000004,0.031380158,Normal
-0.032027978,-0.034687056,-0.035049832999999996,-0.032989644,-0.021533385,-0.012657773,-0.002108538,0.009831376,0.022646182,0.035774379,0.04913774,0.062481239,0.075462906,0.08805196400000001,Normal
0.09513164800000001,0.047719698,0.022150599,0.013561583,0.011104325,0.027400453999999998,0.047162607999999995,0.058112182000000005,0.062656748,0.065930583,0.068003781,0.069317993,0.069742453,0.068602651,Normal
-0.028924408,-0.035652817999999996,-0.040565841,-0.043153704,-0.040203012,-0.035383844,-0.028819973999999998,-0.02094316,-0.012216258999999998,-0.003022335,0.00610956,0.014502086,0.021850382999999998,0.029326946,Normal
-0.018969166000000003,-0.020007511000000002,-0.017767438,-0.013121037,6.70436e-05,0.008516864,0.017823228,0.027880684,0.037891398,0.047238907000000004,0.056424598,0.065027903,0.074231121,0.08500635599999999,Normal
-0.030569943999999998,-0.011048415,0.011721803000000001,0.03082305,0.035314654,0.031046294,0.022762264,0.00989983,-0.00326952,-0.014832915,-0.012857523999999999,0.013681206000000001,0.056287008,0.104241319,Normal
0.05676055,0.054462794,0.052104265999999996,0.049611855999999996,0.044017858,0.04132758,0.039123959,0.036435758,0.033542489,0.034597402,0.037189473,0.02585676,0.030994801000000002,0.027178322,Normal
0.034884892,0.041260642,0.044019652,0.04219974,0.036938208,0.034358756000000004,0.030757675,0.03082237,0.033204555,0.037188487,0.04101184,0.042440834000000004,0.042265049000000006,0.041981702,Normal
0.048032807999999996,0.041092927,0.033693577999999995,0.02854775,0.032329486,0.037337666,0.042310117,0.04547148,0.046924319000000006,0.047989078,0.047392667,0.043668476,0.038743554,0.035021275,Normal
0.027715659,0.036479328,0.047391317999999995,0.055734955,0.051437527999999996,0.044302065,0.037458233,0.033684569,0.032464873,0.032208308,0.032466972000000004,0.032678369,0.032997344,0.033797454,Normal
0.057956793,0.0536976,0.055652497,0.059038122,0.052473538,0.052904542,0.054541335999999996,0.052441113,0.048773557,0.046602765,0.045523825,0.045059332,0.045223408,0.045694223,Normal
0.027508581,0.036266681,0.045451782,0.053680063,0.06326433,0.066033915,0.068074329,0.06985736599999999,0.07180885299999999,0.074049749,0.077351652,0.082444114,0.088735435,0.09532627199999999,Normal
0.051104387,0.039870729,0.032024937,0.026287024,0.014437098999999998,0.019987427,0.030370125,0.03770834,0.04390234,0.052203848,0.061283696,0.069354789,0.07595781900000001,0.080982709,Normal
-0.050608047999999996,-0.028152822,-0.055667092,-0.014407188000000001,-0.016954083000000002,-0.015692393,-0.013298225,-0.012492639,-0.012053756,-0.010307945,-0.006645351,-0.00031151400000000004,0.008007598000000001,0.01693309,Normal
-0.003458197,-0.004162229,-0.003632195,-0.002257924,0.0013787620000000002,0.003983717,0.006859606,0.009680154,0.012294713,0.01444308,0.016436415,0.018550625,0.020335015,0.021446956,Normal
0.009659968,0.010640601000000001,0.011580854,0.012360352,0.012110293000000001,0.012463921000000001,0.011896246999999999,0.007799244,0.003164606,0.002198212,0.004372422,0.007664803,0.012044535,0.018033723999999998,Normal
0.010352843,0.012664793999999998,0.015761033,0.018596368999999998,0.020308145,0.020459522,0.020647029,0.021234769,0.022129582000000002,0.022979656,0.024328118,0.026494347999999997,0.029291587,0.032674659,Normal
-0.027690537,-0.023467309,-0.018466938000000002,-0.014403086,-0.013026368,-0.014418268,-0.012554158999999999,-0.013404615,-0.021214512,-0.00015476299999999998,0.035550719,-0.082064325,0.004176544,-0.035476972999999995,Normal
-0.090590152,-0.10030842,-0.10784372199999999,-0.108246618,-0.078343601,-0.057205014000000005,-0.040796593,-0.036681148,-0.041757999999999997,-0.050574182999999995,-0.058794194,-0.061671776,-0.060221062,-0.056637689000000005,Normal
-0.09367232199999999,-0.087455244,-0.08079196799999999,-0.075661804,-0.07505893599999999,-0.07804396799999999,-0.08183500099999999,-0.084854131,-0.087255924,-0.089906043,-0.091658344,-0.09118661,-0.08905344,-0.086034093,Normal
0.009924728,0.010766676999999999,0.011806045,0.012578002,0.012090311999999999,0.011178155,0.010097064000000001,0.009119449,0.008274476999999999,0.007486051999999999,0.006889954,0.006610300000000001,0.006577985,0.006714539,Normal
-0.012663718000000001,-0.006439183,0.000890422,0.008308273,0.020665137,0.025373503,0.029849753,0.034908525,0.039597856,0.042931223,0.043398393,0.039541361000000004,0.032482143,0.023879711,Normal
-0.014459028,-0.014483521999999999,-0.01089243,-0.004577834,-0.016985944,0.013409205,-0.012537095,-0.003339538,0.0007762060000000001,0.0036865640000000002,0.003686065,0.002350953,0.00028012400000000003,-0.0024165379999999998,Normal
0.016909415,0.008155102,-0.0013712070000000002,-0.007982534,-0.002283299,0.005380072,0.013283313,0.019147815,0.023077629,0.026027643,0.027889695,0.028846096,0.028972749,0.027127916000000002,Normal
-0.029434346,-0.03185819,-0.032015613,-0.029411055,-0.01493073,-0.0049675809999999996,0.006032727,0.017581107,0.028591929,0.038198482,0.045055805,0.047848387,0.047070022999999996,0.043751574,Normal
-0.010341676999999999,-0.0014114020000000002,0.0073261409999999996,0.014718806999999999,0.022382507000000003,0.023608597999999998,0.023739272000000002,0.023311175,0.022796669,0.022470373999999998,0.022703302,0.024000337000000004,0.026111457,0.028382282999999998,Normal
-0.020896984,-0.018295665,-0.016935985,-0.016226938,-0.01419249,-0.013527563000000001,-0.012838196000000001,-0.011725576000000001,-0.01040392,-0.00917945,-0.008202397,-0.007648851999999999,-0.0074620630000000005,-0.007480254,Normal
0.00294491,0.0068012559999999994,0.0019253970000000001,-0.001020204,0.025529354,0.045260548,0.061395070999999996,0.048089108,0.015395684,0.046568316,-0.014437808,-0.00504168,0.00388482,0.01316703,Normal
-0.028523441,-0.02696312,-0.026203807000000003,-0.026065889,-0.027032766,-0.028397602,-0.03018554,-0.032086265,-0.033992952,-0.035844759,-0.037434117999999995,-0.038582305,-0.039318955,-0.039708769,Normal
-0.035165281,-0.021843996,-0.010008226,-0.002005621,-0.004171292,-0.01076049,-0.018896479,-0.026950147,-0.033276539,-0.036940719,-0.036416245,-0.030005472999999998,-0.019030827,-0.005923409,Normal
-0.037015962,-0.031971242999999996,-0.018067101000000002,-0.003399947,0.001289376,-0.001727365,-0.0066699590000000005,-0.012735526,-0.019075805,-0.025771519,-0.03033235,-0.030330613,-0.027036538,-0.022080263,Normal
-0.033419544,-0.029591472,-0.023402861,-0.01738585,-0.014074376999999999,-0.014743154,-0.016250879,-0.018065304,-0.01951385,-0.020201688,-0.019330196,-0.016046189,-0.010875079,-0.004851432,Normal
-0.022926455,-0.018674823,-0.013678008,-0.00831223,0.002309011,0.007182491,0.011718277,0.015971922,0.019626334,0.02236108,0.023841696000000002,0.023752207999999997,0.022244548,0.019608952,Normal
-0.030463782999999998,-0.031426195,-0.030277729,-0.027144431,-0.030168267000000002,-0.032418449,-0.034587497,-0.036709267999999996,-0.037548593,-0.036215981,-0.031342044,-0.021532081,-0.007956248,0.007355766999999999,Normal
0.002406993,0.012102644,0.021801117000000002,0.029566928,0.03441859,0.032821397999999995,0.030334656,0.028484805,0.027200175,0.026159967000000003,0.023919202999999997,0.019675393,0.014425578,0.007665278,Normal
-0.193669923,-0.209125874,-0.221289546,-0.225241362,-0.19295236,-0.16837633899999999,-0.140581924,-0.106050752,-0.073524385,-0.054780366,-0.04453744,-0.03333064,-0.024636819,-0.02349231,Normal
-0.158152892,-0.141622693,-0.11351074,-0.083241373,-0.043092723,-0.037814849,-0.033411155,-0.017210489,0.004279015,0.021684725,0.029897172000000003,0.024583241000000002,0.009660301,-0.009432189,Normal
-0.095087986,-0.100941799,-0.10973254199999999,-0.11435131800000001,-0.051589827000000005,-0.07511807599999999,-0.031113863,-0.038089168,-0.043118656,-0.052319450999999996,-0.059094994000000005,-0.060028973,-0.056448935,-0.050821302,Normal
-0.106057195,-0.09584517599999999,-0.058296784000000004,-0.041489309,-0.031188682000000002,-0.033964074,-0.037871538999999996,-0.041626542999999995,-0.043413960999999994,-0.042901849000000006,-0.038267933,-0.027668974,-0.012543506999999999,0.004497173,Normal
-0.01753475,-0.014915689,-0.011122179,-0.006853854,0.001242965,0.004988263,0.009119333,0.014190435,0.019664904,0.025031921000000002,0.029028604,0.030479048999999998,0.030251181000000002,0.029397706000000003,Normal
-0.059758083,-0.011465631,-0.026245025,-0.02988693,-0.031949234,-0.032531476000000004,-0.032460523,-0.029224293999999998,-0.023651584,-0.01646576,-0.008997738,-0.0026664,0.003588955,0.010697907,Normal
-0.24676885899999998,-0.25274645,-0.253648151,-0.248213828,-0.215582777,-0.192484388,-0.166430994,-0.138106295,-0.110813285,-0.087523465,-0.070663332,-0.063297424,-0.063983601,-0.069038432,Normal
-0.029222566000000002,-0.047346969,-0.06031393400000001,-0.06344055700000001,-0.033073621,-0.00180952,0.030005835,0.049800045,0.060636632,0.069310149,0.075352823,0.078785196,0.08064752,0.080988804,Normal
-0.070879012,-0.051120733,-0.024590347000000002,0.0010544460000000001,0.026382717000000003,0.026771855,0.023326679,0.022308257,0.02267201,0.021214462000000003,0.020468013,0.023198628,0.028329257000000004,0.034440456,Normal
-0.17358487,-0.186476156,-0.19930839399999997,-0.20269558,-0.157467929,-0.123757215,-0.093601338,-0.07535685,-0.06806187799999999,-0.06786926900000001,-0.071673942,-0.076450289,-0.08237044,-0.08957736300000001,Normal
-0.13591013400000002,-0.179406753,-0.218592709,-0.22163491300000002,-0.051288876,0.0302493,0.068650238,0.045785177999999996,-0.017418061999999998,-0.088736786,-0.143318908,-0.157672628,-0.138915163,-0.103235248,Normal
-0.080444609,-0.08512977699999999,-0.088070864,-0.089797272,-0.09316163599999999,-0.087796594,-0.07842943,-0.074642711,-0.06599672,-0.034378458,0.001016516,0.012980328999999999,0.011242006,0.011557547,Normal
